NEGERI,LOKALITI,NAMA CALON,PARTI,BILANGAN UNDI
JH,SEGAMAT,SUBRAMANIAM A/L K.V SATHASIVAM,BN,"18,584"
JH,SEGAMAT,SANTHARA KUMAR A/L RAMANAIDU,PKR,"24,060"
JH,SEGAMAT,KHAIRUL FAIZI BIN AHMAD KAMIL,PAS,"2,676"
JH,SEKIJANG,AYUB BIN RAHMAT,BN,"18,278"
JH,SEKIJANG,NATRAH BINTI ISMAIL,PKR,"19,559"
JH,LABIS,CHUA TEE YONG ,BN,"13,567"
JH,LABIS,PANG HOK LIONG,PKR,"16,977"
JH,LABIS,SARCHU BIN SAWAL,PAS,"2,034"
JH,PAGOH,ISMAIL BIN MOHAMED,BN,"16,631"
JH,PAGOH,MAHIADDIN BIN MD YASIN,PKR,"23,558"
JH,PAGOH,AHMAD NAWFAL BIN MAHFODZ,PAS,"2,483"
JH,LEDANG,HAMIM BIN SAMURI,BN,"26,040"
JH,LEDANG,SYED IBRAHIM BIN SYED NOR,PKR,"34,706"
JH,LEDANG,RUSMAN BIN KEMIN,PAS,"4,668"
JH,BAKRI,KOH CHON CHAI,BN,"15,507"
JH,BAKRI,ZARUL @ MOHAMAD ZAHRUL BIN SALLEH,PAS,"7,575"
JH,BAKRI,YEO BEE YIN ,PKR,"38,718"
JH,MUAR,RAZALI BIN IBRAHIM,BN,"15,388"
JH,MUAR,SYED SADDIQ BIN SYED ABDUL RAHMAN,PKR,"22,341"
JH,MUAR,ABDUL AZIZ BIN TALIB ,PAS,"4,354"
JH,PARIT SULONG,NORAINI BINTI AHMAD,BN,"24,481"
JH,PARIT SULONG,ANIS AFIDA BINTI MOHD AZLI,PKR,"18,140"
JH,PARIT SULONG,AHMAD ROSDI BIN BAHARI,PAS,"7,148"
JH,AYER HITAM,WEE KA SIONG,BN,"17,076"
JH,AYER HITAM,MARDI BIN MARWAN,PAS,"4,975"
JH,AYER HITAM,LIEW CHIN TONG,PKR,"16,773"
JH,SRI GADING,AB AZIZ BIN KAPRAWI,BN,"18,223"
JH,SRI GADING,SHARUDDIN BIN MD SALLEH ,PKR,"21,511"
JH,SRI GADING,M ASH'ARI BIN SIDON,PAS,"4,548"
JH,BATU PAHAT,HALIZA BINTI ABDULLAH,BN,"28,035"
JH,BATU PAHAT,MAHFODZ BIN MOHAMED,PAS,"8,173"
JH,BATU PAHAT,MOHD RASHID BIN HASNON,PKR,"45,929"
JH,SIMPANG RENGGAM,LIANG TECK MENG,BN,"14,682"
JH,SIMPANG RENGGAM,MASZLEE BIN MALIK,PKR,"18,157"
JH,SIMPANG RENGGAM,MOHD JUBRI BIN SELAMAT ,PAS,"2,983"
JH,KLUANG,GAN PING SHOU @ GAN PING SIEU,BN,"24,618"
JH,KLUANG,WONG SHU QI,PKR,"47,671"
JH,KLUANG,MUHAMMAD HASBULLAH BIN MD NAJIB ,PAS,"8,242"
JH,SEMBRONG,HISHAMMUDDIN BIN DATUK HUSSEIN,BN,"21,353"
JH,SEMBRONG,ONN BIN ABU BAKAR,PKR,"14,691"
JH,MERSING,ABD. LATIFF BIN AHMAD,BN,"19,806"
JH,MERSING,A. RAHMAN BIN A. HAMID,PAS,"6,215"
JH,MERSING,MD. NASIR BIN HASHIM,PKR,"11,347"
JH,TENGGARA,ADHAM BIN BABA,BN,"20,142"
JH,TENGGARA,YUHANITA BINTI YUNAN,PAS,"2,683"
JH,TENGGARA,NORJEPRI BIN MOHAMED JELANI,PKR,"14,209"
JH,KOTA TINGGI,HALIMAH BINTI MOHD SADIQUE,BN,"26,407"
JH,KOTA TINGGI,AZLINDA BINTI ABDUL LATIF ,PKR,"11,786"
JH,PENGERANG,AZALINA BINTI OTHMAN,BN,"21,829"
JH,PENGERANG,NORLIZA BINTI NGADIRAN,PKR,"10,412"
JH,TEBRAU,HOU KOK CHUNG,BN,"27,310"
JH,TEBRAU,CHOONG SHIAU YOON,PKR,"64,535"
JH,TEBRAU,ABDULLAH BIN HUSIN,PAS,"12,098"
JH,PASIR GUDANG,MOHAMED KHALED BIN NORDIN,BN,"36,889"
JH,PASIR GUDANG,AB. AZIZ BIN ABDULLAH,PAS,"6,278"
JH,PASIR GUDANG,HASSAN BIN ABDUL KARIM,PKR,"61,615"
JH,PASIR GUDANG,SEY JOCK @ CHEE JOCK,BEBAS,227
JH,JOHOR BAHRU,SHARIL@SHAHRIR BIN AB SAMAD,BN,"30,270"
JH,JOHOR BAHRU,AKMAL NASRULLAH BIN MOHD NASIR,PKR,"50,052"
JH,PULAI,NUR JAZLAN BIN MOHAMED,BN,"26,523"
JH,PULAI,MOHD MAZRI BIN YAHYA,PAS,"4,332"
JH,PULAI,SALAHUDDIN BIN AYUB,PKR,"55,447"
JH,PULAI,YAP KENG TAK,BEBAS,591
JH,ISKANDAR PUTERI,TEOH SEW HOCK,BN,"35,862"
JH,ISKANDAR PUTERI,LIM KIT SIANG ,PKR,"80,726"
JH,KULAI,TANG NAI SOON,BN,"22,564"
JH,KULAI,TEO NIE CHING,PKR,"55,312"
JH,KULAI,JUWAHIR BIN AMIN,PAS,"6,667"
JH,PONTIAN,AHMAD BIN MASLAN,BN,"21,132"
JH,PONTIAN,BAHAROM BIN MOHAMAD,PAS,"4,295"
JH,PONTIAN,KARMAINE BIN SARDINI,PKR,"20,299"
JH,TANJUNG PIAI,WEE JECK SENG,BN,"20,731"
JH,TANJUNG PIAI,MD FARID BIN MD RAFIK,PKR,"21,255"
JH,TANJUNG PIAI,NORDIN BIN OTHMAN,PAS,"2,962"
KD,LANGKAWI,MAHATHIR BIN MOHAMAD,PKR,"18,954"
KD,LANGKAWI,ZUBIR BIN AHMAD,PAS,"5,512"
KD,LANGKAWI,NAWAWI BIN AHMAD,BN,"10,061"
KD,JERLUN,OTHMAN BIN AZIZ,BN,"12,413"
KD,JERLUN,ABD. GHANI BIN AHMAD,PAS,"12,829"
KD,JERLUN,MUKHRIZ MAHATHIR,PKR,"18,695"
KD,KUBANG PASU,AMIRUDDIN BIN HAMZAH,PKR,"29,984"
KD,KUBANG PASU,NORHAFIZA BINTI FADZIL,PAS,"13,375"
KD,KUBANG PASU,MOHD JOHARI BIN BAHARUM,BN,"16,975"
KD,PADANG TERAP,MOHAMAD AZAM BIN ABD MAJID @ ABD AZIZ,PAS,"15,285"
KD,PADANG TERAP,MOHD KHAIRIZAL BIN KHAZALI,PKR,"7,254"
KD,PADANG TERAP,MAHDZIR BIN KHALID,BN,"16,384"
KD,POKOK SENA,MUHAMAD RADHI BIN MAT DIN,PAS,"23,401"
KD,POKOK SENA,SAID ALI BIN SAID RASTAN,BN,"18,390"
KD,POKOK SENA,MAHFUZ BIN OMAR,PKR,"28,959"
KD,ALOR SETAR,MUHAMMAD AMINUR SHAFIQ BIN MOHAMAD ABDUH,PAS,"17,275"
KD,ALOR SETAR,YOO WEI HOW,BN,"14,181"
KD,ALOR SETAR,CHAN MING KAI,PKR,"32,475"
KD,KUALA KEDAH,MUHAMAD RIDUAN BIN OTHMAN,PAS,"23,143"
KD,KUALA KEDAH,ABDULLAH HASNAN BIN KAMARUDDIN,BN,"19,400"
KD,KUALA KEDAH,AZMAN BIN ISMAIL,PKR,"36,624"
KD,PENDANG,ABDUL MALIK BIN MANAF,BEBAS,81
KD,PENDANG,AWANG BIN HASHIM ,PAS,"26,536"
KD,PENDANG,WAN SAIFULRUDDIN BIN WAN JAN,PKR,"14,901"
KD,PENDANG,OTHMAN BIN ABDUL,BN,"20,728"
KD,JERAI,JAMIL KHIR BIN BAHAROM,BN,"21,773"
KD,JERAI,SABRI BIN AZIT,PAS,"22,312"
KD,JERAI,AKHRAMSYAH MUAMMAR UBAIDAH BIN SANUSI,PKR,"21,651"
KD,SIK,AZLI BIN UDA,PKR,"6,970"
KD,SIK,AHMAD TARMIZI BIN SULAIMAN,PAS,"20,088"
KD,SIK,MANSOR BIN ABD RAHMAN,BN,"14,870"
KD,MERBOK,NOR AZRINA BINTI SURIP,PKR,"30,902"
KD,MERBOK,AHMAD FAUZI BIN RAMLI,PAS,"19,618"
KD,MERBOK,TAJUL URUS BIN MAT ZAIN,BN,"20,830"
KD,SUNGAI PETANI,SRITHARAN A/L PICHATHU,PRM,279
KD,SUNGAI PETANI,JOHARI BIN ABDUL,PKR,"45,532"
KD,SUNGAI PETANI,SHARIR BIN LONG,PAS,"22,760"
KD,SUNGAI PETANI,SHAHANIM BINTI MOHAMAD YUSOFF,BN,"23,963"
KD,BALING,HASSAN BIN SAAD,PAS,"37,483"
KD,BALING,ABDUL AZEEZ BIN ABDUL RAHIM,BN,"38,557"
KD,BALING,MOHD TAUFIK BIN YAACOB,PKR,"14,472"
KD,PADANG SERAI,LEONG YONG KONG,BN,"15,449"
KD,PADANG SERAI,KARUPAIYA A/L MUTUSAMI,PKR,"31,724"
KD,PADANG SERAI,MUHAMAD SOBRI BIN OSMAN,PAS,"22,911"
KD,KULIM BANDAR BAHARU,SAIFUDDIN NASUTION BIN ISMAIL,PKR,"23,159"
KD,KULIM BANDAR BAHARU,ABDUL RAMAN BIN ABDUL RAZAK,PAS,"12,885"
KD,KULIM BANDAR BAHARU,ABD AZIZ BIN SHEIKH FADZIR,BN,"18,299"
KE,TUMPAT,CHE ABDULLAH BIN MAT NAWI,PAS,"47,041"
KE,TUMPAT,WAN JOHANI BIN WAN HUSSIN,BN,"29,541"
KE,TUMPAT,NORDIN BIN SALLEH,PKR,"10,003"
KE,PENGKALAN CHEPA,AHMAD MARZUK BIN SHAARY,PAS,"32,592"
KE,PENGKALAN CHEPA,ZALUZI BIN SULAIMAN,BN,"19,360"
KE,PENGKALAN CHEPA,MOHAMAD BIN IBRAHIM,PKR,"7,435"
KE,KOTA BAHRU,TAKIYUDDIN BIN HASSAN,PAS,"28,291"
KE,KOTA BAHRU,FIKHRAN HAMSHI BIN MOHAMAD FATMI,BN,"16,256"
KE,KOTA BAHRU,HUSAM BIN MUSA,PKR,"22,422"
KE,PASIR MAS,AHMAD FADHLI BIN SHAARI,PAS,"28,080"
KE,PASIR MAS,NOR AZMAWI BIN AB RAHMAN,BN,"15,005"
KE,PASIR MAS,CHE UJANG BIN CHE DAUD,PKR,"5,093"
KE,PASIR MAS,IBRAHIM BIN ALI,BEBAS,"5,373"
KE,RANTAU PANJANG,SITI ZAILAH BINTI MOHD YUSOFF,PAS,"24,581"
KE,RANTAU PANJANG,ABDULLAH BIN MAT YASIM,BN,"18,431"
KE,RANTAU PANJANG,WAN SHAH JIHAN BIN WAN DIN,PKR,"5,361"
KE,KUBANG KERIAN,TUAN IBRAHIM BIN TUAN MAN,PAS,"35,620"
KE,KUBANG KERIAN,MUHAMMAD BIN ABDUL GHANI,BN,"16,251"
KE,KUBANG KERIAN,ABDUL HALIM BIN YUSOF,PKR,"11,557"
KE,BACHOK,NIK MOHAMAD ABDUH BIN NIK ABDUL AZIZ,PAS,"36,188"
KE,BACHOK,AWANG ADEK BIN HUSSIN ,BN,"32,896"
KE,BACHOK,MOHD ZULKIFLI BIN HAJI ZAKARIA,PKR,"4,880"
KE,KETEREH,WAN ISMAIL BIN WAN JUSOH,PAS,"20,841"
KE,KETEREH,ANNUAR BIN MUSA ,BN,"25,467"
KE,KETEREH,MOHD RADZI BIN MD JIDIN,PKR,"6,799"
KE,TANAH MERAH,JOHARI BIN MAT,PAS,"25,223"
KE,TANAH MERAH,IKMAL HISHAM BIN ABDUL AZIZ,BN,"28,152"
KE,TANAH MERAH,MOHAMAD FAUZI BIN ZAKARIA,PKR,"4,747"
KE,PASIR PUTEH,NIK MUHAMMAD ZAWAWI BIN SALLEH,PAS,"32,307"
KE,PASIR PUTEH,ASYRAF WAJDI BIN DUSUKI,BN,"30,947"
KE,PASIR PUTEH,KAMARUDIN BIN MD NOR,PKR,"4,896"
KE,MACHANG,ZULKIFLI BIN MAMAT,PAS,"23,252"
KE,MACHANG,AHMAD JAZLAN BIN YAAKUB,BN,"26,076"
KE,MACHANG,SAZMI B. MIAH,PKR,"5,695"
KE,JELI,MOHAMAD BIN HAMID,PAS,"15,018"
KE,JELI,MUSTAPA BIN MOHAMED,BN,"21,665"
KE,JELI,AZRAN BIN DERAMAN,PKR,"2,078"
KE,KUALA KRAI,ABDUL LATIFF BIN ABDUL RAHMAN,PAS,"28,903"
KE,KUALA KRAI,RAMZI BIN AB RAHMAN,BN,"20,911"
KE,KUALA KRAI,MOHD YAZID BIN ABDULLAH,PKR,"5,173"
KE,GUA MUSANG,ABDULLAH BIN HUSSEIN,PAS,"15,513"
KE,GUA MUSANG,TENGKU RAZALEIGH BIN TENGKU MOHD HAMZAH,BN,"19,426"
KE,GUA MUSANG,MOHD NOR BIN HUSSIN,PKR,"4,997"
MK,MASJID TANAH,SABIRIN BIN JA'AFAR,PKR,"14,739"
MK,MASJID TANAH,MAS ERMIEYATI BINTI SAMSUDIN,BN,"22,898"
MK,MASJID TANAH,MOHD NASIR BIN OTHMAN,PAS,"4,688"
MK,ALOR GAJAH,WONG NAI CHEE,BN,"22,350"
MK,ALOR GAJAH,MOHD REDZUAN BIN MD YUSOF,PKR,"29,330"
MK,ALOR GAJAH,MOHAMMAD NAZREE BIN MOHAMMAD ARIS,PAS,"6,135"
MK,TANGGA BATU,RUSNAH BINTI ALUAI,PKR,"32,420"
MK,TANGGA BATU,ZULKIFLI BIN ISMAIL,PAS,"8,961"
MK,TANGGA BATU,ZALI BIN MAT YASIN,BN,"27,761"
MK,BUKIT KATIL,MOHD ALI BIN MOHD RUSTAM,BN,"30,427"
MK,BUKIT KATIL,MD KHALID BIN KASSIM,PAS,"7,089"
MK,BUKIT KATIL,SHAMSUL ISKANDAR @ YUSRE BIN MOHD AKIN ,PKR,"39,067"
MK,KOTA MELAKA,KHOO POAY TIONG,PKR,"76,518"
MK,KOTA MELAKA,CHOO WEI SERN,BN,"27,343"
MK,KOTA MELAKA,GOH LEONG SAN,BEBAS,"1,415"
MK,JASIN,AHMAD BIN HAMZAH,BN,"26,560"
MK,JASIN,KHAIRUDDIN BIN ABU HASSAN ,PKR,"26,341"
MK,JASIN,ABD. ALIM BIN SHAPIE,PAS,"8,860"
NS,JELEBU,JALALUDDIN BIN ALIAS,BN,"19,062"
NS,JELEBU,MUSTAFAR BIN AB KADIR,PKR,"17,017"
NS,JELEBU,NORMAN BIN IPIN,PAS,"2,878"
NS,JEMPOL,HAJI MOHD SALIM BIN SHARIF @ MOHD SHARIF,BN,"26,819"
NS,JEMPOL,KAMARULZAMAN BIN KAMDIAS,PKR,"25,188"
NS,JEMPOL,MUSTAFFA BIN DAHARUN,PAS,"5,267"
NS,SEREMBAN,CHONG SIN WOON,BN,"24,809"
NS,SEREMBAN,LOKE SIEW FOOK,PKR,"55,503"
NS,SEREMBAN,SHARIFUDDIN BIN AHMAD,PAS,"11,506"
NS,KUALA PILAH,HASAN BIN MALEK,BN,"17,845"
NS,KUALA PILAH,RAFIEI BIN MUSTAPHA ,PAS,"4,347"
NS,KUALA PILAH,EDDIN SYAZLEE BIN SHITH ,PKR,"18,045"
NS,RASAH,NG KIAN NAM ,BN,"14,939"
NS,RASAH,CHA KEE CHIN,PKR,"61,806"
NS,RASAH,DAVID DASS A/L ASEERPATHAM,PAP,302
NS,RASAH,MOHD KHAIRIL ANUAR BIN MOHD WAFA ,PAS,"8,260"
NS,REMBAU,MUSTAFA BIN DOLAH,PAS,"6,028"
NS,REMBAU,KHAIRY JAMALUDDIN ABU BAKAR,BN,"36,096"
NS,REMBAU,ROSELI BIN ABDUL GANI,PKR,"31,732"
NS,PORT DICKSON,MOGAN A/L VELAYATHAM,BN,"18,515"
NS,PORT DICKSON,MAHFUZ BIN ROSLAN ,PAS,"6,594"
NS,PORT DICKSON,DANYAL BALAGOPAL ABDULLAH,PKR,"36,225"
NS,TAMPIN,SHAZIMAN BIN ABU MANSOR,BN,"21,433"
NS,TAMPIN,ABDUL HALIM BIN ABU BAKAR,PAS,"4,598"
NS,TAMPIN,HASAN BIN BAHROM,PKR,"22,435"
PH,CAMERON HIGHLANDS,WAN MAHADIR BIN WAN MAHMUD,PAS,"3,587"
PH,CAMERON HIGHLANDS,SIVARAJ A/L CHANDRAN,BN,"10,307"
PH,CAMERON HIGHLANDS,MANOGARAN MARIMUTHU,PKR,"9,710"
PH,CAMERON HIGHLANDS,SURESH KUMAR A/L BALASUBRAMANIAM,PSM,680
PH,CAMERON HIGHLANDS,MOHD TAHIR BIN HAJI KASSIM,BERJASA,81
PH,LIPIS,BADARUDIN BIN ABD RAHAMAN,PKR,"7,426"
PH,LIPIS,ABDUL RAHMAN BIN MOHAMAD,BN,"13,995"
PH,LIPIS,SOBIRIN BIN HJ DULI,PAS,"6,671"
PH,RAUB,TENGKU ZULPURI SHAH BIN RAJA PUJI,PKR,"20,659"
PH,RAUB,MOHAMED NILAM BIN ABDUL MANAP,PAS,"7,866"
PH,RAUB,CHEW MEI FUN,BN,"17,500"
PH,JERANTUT,YOHANIS BIN AHMAD,PAS,"16,732"
PH,JERANTUT,AHMAD NAZLAN BIN IDRIS,BN,"22,640"
PH,JERANTUT,WAN MOHD SHAHARIR BIN WAN ABD. JALIL,PKR,"10,877"
PH,INDERA MAHKOTA,NASRUDIN BIN HASSAN,PAS,"17,515"
PH,INDERA MAHKOTA,SAIFUDDIN BIN ABDULLAH,PKR,"28,578"
PH,INDERA MAHKOTA,JOHAN BIN MAT SAH,BN,"17,628"
PH,KUANTAN,WONG KEAN HWEE,BN,"13,667"
PH,KUANTAN,FUZIAH BINTI SALLEH,PKR,"22,807"
PH,KUANTAN,SULAIMAN BIN MD DERUS,PAS,"14,696"
PH,PAYA BESAR,MOHD SHAHAR BIN ABDULLAH,BN,"19,033"
PH,PAYA BESAR,MOHAMAD AZHAR BIN MOHD NOOR,PAS,"13,291"
PH,PAYA BESAR,MOHD ASHRAF MUSTAQIM BIN BADRUL MUNIR,PKR,"11,776"
PH,PEKAN,MOHD NAJIB BIN TUN ABD RAZAK,BN,"43,854"
PH,PEKAN,AHIATUDIN BIN DAUD,PAS,"18,995"
PH,PEKAN,ABD KADIR BIN SAINUDIN,BEBAS,103
PH,PEKAN,MUHAMMAD ZAHID BIN MD ARIP,PKR,"7,662"
PH,MARAN,AHMAD FARID BIN AHMAD NORDIN,PKR,"4,360"
PH,MARAN,HASENAN BIN HARON,PAS,"12,301"
PH,MARAN,ISMAIL BIN ABD. MUTTALIB,BN,"16,064"
PH,KUALA KRAU,ISMAIL BIN MOHAMED SAID,BN,"18,058"
PH,KUALA KRAU,KAMAL BIN ASHAARI,PAS,"15,182"
PH,KUALA KRAU,MOHAMAD RAFIDEE BIN HASSIM,PKR,"5,071"
PH,TEMERLOH,MOHD. ANUAR BIN MOHD TAHIR,PKR,"23,998"
PH,TEMERLOH,MOHD KHAIDIR BIN AHMAD,BEBAS,178
PH,TEMERLOH,MOHD SHARKAR BIN SHAMSUDIN,BN,"22,094"
PH,TEMERLOH,MD JUSOH BIN DARUS,PAS,"14,734"
PH,TEMERLOH,MUHAMAD FAKHRUDIN BIN ABU HANIPAH,BEBAS,46
PH,BENTONG,LIOW TIONG LAI,BN,"23,684"
PH,BENTONG,WONG TACK,PKR,"25,716"
PH,BENTONG,BALASUBRAMANIAM A/L NACHIAPPAN,PAS,"5,706"
PH,BERA,ZAKARIA BIN ABDUL HAMID,PKR,"18,449"
PH,BERA,MUSANIFF BIN AB. RAHMAN,PAS,"8,096"
PH,BERA,ISMAIL SABRI BIN YAAKOB,BN,"20,760"
PH,ROMPIN,SITARUNISAH BINTI AB KADIR,PKR,"7,876"
PH,ROMPIN,HASAN BIN ARIFIN,BN,"26,628"
PH,ROMPIN,M SHAHRUL NIZAM BIN ABDUL HALIFF,PAS,"15,233"
PR,GERIK,MOHD DAHALAN BIN HJ ISMAIL,PAS,"7,715"
PR,GERIK,HASBULLAH BIN OSMAN,BN,"13,243"
PR,GERIK,IBRAHIM BIN MOHD HANAFIAH,PKR,"6,353"
PR,LENGGONG,AMIRUL FAIRUZZEEN BIN JAMALUDDIN,PKR,"3,932"
PR,LENGGONG,SHAMSUL ANUAR BIN NASARAH,BN,"12,523"
PR,LENGGONG,MUHAMMAD MUJAHID BIN MOHAMMAD FADZIL,PAS,"6,750"
PR,LARUT,HAMZAH BIN ZAINUDIN,BN,"18,184"
PR,LARUT,ABU HUSIN BIN MOHMMAD,PAS,"13,698"
PR,LARUT,KHAIRIL ANUAR BIN AKHIRUDDIN,PKR,"7,738"
PR,PARIT BUNTAR,AHMAD AZHAR BIN SHARIN,PAS,"12,312"
PR,PARIT BUNTAR,ABDUL PUHAT BIN MAT NAYAN,BN,"13,655"
PR,PARIT BUNTAR,MUJAHID BIN YUSOF,PKR,"16,753"
PR,BAGAN SERAI,NOOR AZMI BIN GHAZALI,BN,"17,220"
PR,BAGAN SERAI,ADAM BIN ASMUNI,PKR,"12,987"
PR,BAGAN SERAI,ROHAYA BINTI BAKAR,PAS,"17,048"
PR,BUKIT GANTANG,KHADRI BIN KHALID,PKR,"18,361"
PR,BUKIT GANTANG,SYED ABU HUSSIN BIN HAFIZ SYED ABDUL FASAL,BN,"22,450"
PR,BUKIT GANTANG,IDRIS BIN AHMAD,PAS,"16,052"
PR,TAIPING,TEH KOK LIM,PKR,"42,997"
PR,TAIPING,IBRAHIM BIN ISMAIL,PAS,"11,133"
PR,TAIPING,TAN KENG LIANG,BN,"15,613"
PR,PADANG RENGAS,MOHAMED NAZRI BIN ABDUL AZIZ,BN,"10,491"
PR,PADANG RENGAS,MOHAMAD AZALAN BIN MOHAMAD RADZI,PAS,"6,847"
PR,PADANG RENGAS,EJAZI BIN YAHAYA,PKR,"7,943"
PR,SUNGAI SIPUT,MICHAEL JEYAKUMAR DEVARAJ,PSM,"1,505"
PR,SUNGAI SIPUT,ISHAK BIN IBRAHIM,PAS,"5,194"
PR,SUNGAI SIPUT,KESAVAN A/L SUBRAMANIAM,PKR,"20,817"
PR,SUNGAI SIPUT,DEVAMANY A/L S. KRISHNASAMY,BN,"15,210"
PR,TAMBUN,AHMAD HUSNI BIN MOHAMAD HANADZLAH,BN,"33,341"
PR,TAMBUN,MUHAMAD ZULKIFLI BIN MOHAMAD ZAKARIA,PAS,"14,948"
PR,TAMBUN,AHMAD FAIZAL BIN AZUMU,PKR,"38,661"
PR,IPOH TIMOR,KATHLEEN WONG MEI YIN,BN,"13,722"
PR,IPOH TIMOR,WONG KAH WOH,PKR,"56,519"
PR,IPOH BARAT,CHENG WEI YEE,BN,"9,889"
PR,IPOH BARAT,M.KULASEGARAN A/L V.MURUGESON,PKR,"55,613"
PR,BATU GAJAH,LEONG CHEE WAI,BN,"8,982"
PR,BATU GAJAH,KUNASEKARAN A/L KRISHNAN,PSM,955
PR,BATU GAJAH,SIVAKUMAR A/L VARATHARAJU NAIDU,PKR,"52,850"
PR,KUALA KANGSAR,AHMAD TERMIZI BIN RAMLI,PKR,"11,371"
PR,KUALA KANGSAR,MASTURA BINTI MOHD YAZID ,BN,"12,102"
PR,KUALA KANGSAR,KHALIL IDHAM LIM BIN ABDULLAH,PAS,"6,583"
PR,BERUAS,NGEH KOO HAM,PKR,"41,231"
PR,BERUAS,MOHAMAD NAZEER BIN M K M HAMEED,PAS,"5,759"
PR,BERUAS,PANG CHOK KING,BN,"13,277"
PR,PARIT,NAJIHATUSSALEHAH BINTI AHMAD,PAS,"7,715"
PR,PARIT,MOHD NIZAR BIN ZAKARIA,BN,"14,035"
PR,PARIT,AHMAD TARMIZI BIN MOHD JAM,PKR,"7,240"
PR,KAMPAR,SU KEONG SIONG,PKR,"30,216"
PR,KAMPAR,LEE CHEE LEONG,BN,"18,415"
PR,KAMPAR,YOUGAN A/L MAHALINGAM,PAS,"3,864"
PR,GOPENG,ISMAIL BIN ARIFFIN,PAS,"11,165"
PR,GOPENG,LEE BOON CHYE,PKR,"48,923"
PR,GOPENG,HENG SEAI KIE,BN,"19,145"
PR,TAPAH,NORAZLI BIN MUSA,PAS,"4,616"
PR,TAPAH,MOHAMED AZNI BIN MOHAMED ALI,PKR,"15,472"
PR,TAPAH,SARAVANAN A/L MURUGAN,BN,"16,086"
PR,PASIR SALAK,TAJUDDIN BIN ABDUL RAHMAN ,BN,"20,003"
PR,PASIR SALAK,SALIHUDDIN BIN RADIN SUMADI,PKR,"12,291"
PR,PASIR SALAK,ZAFARULAZHAN BIN ZAN,PAS,"11,151"
PR,LUMUT,MOHAMMED ZAMRI BIN IBRAHIM ,PAS,"10,135"
PR,LUMUT,ZAMBRY BIN ABD KADIR,BN,"21,555"
PR,LUMUT,MOHD HATTA BIN MD RAMLI,PKR,"21,955"
PR,BAGAN DATOK,AHMAD ZAHID BIN HAMIDI,BN,"18,909"
PR,BAGAN DATOK,PAKHRURRAZI BIN HJ ARSHAD,PKR,"13,836"
PR,BAGAN DATOK,ATA ABDUL MUNEIM BIN HASAN ADLI,PAS,"4,061"
PR,TELUK INTAN,MAH SIEW KEONG,BN,"17,991"
PR,TELUK INTAN,NGA KOR MING,PKR,"29,170"
PR,TELUK INTAN,AHMAD RAMADZAN BIN AHMAD DAUD,PAS,"6,494"
PR,TANJONG MALIM,CHANG LIH KANG,PKR,"24,672"
PR,TANJONG MALIM,MOHD TARMIZI BIN AB RAHMAN,PAS,"10,311"
PR,TANJONG MALIM,MAH HANG SOON,BN,"19,314"
PL,PADANG BESAR,MOKHTAR BIN SENIK,PAS,"7,874"
PL,PADANG BESAR,ZAHIDI BIN ZAINUL ABIDIN,BN,"15,032"
PL,PADANG BESAR,IZIZAM BIN IBRAHIM,PKR,"13,594"
PL,KANGAR,NOOR AMIN BIN AHMAD,PKR,"20,909"
PL,KANGAR,MOHAMAD ZAHID BIN IBRAHIM ,PAS,"8,465"
PL,KANGAR,RAMLI BIN SHARIFF,BN,"15,306"
PL,ARAU,HASHIM BIN HJ JASIN,PAS,"11,362"
PL,ARAU,ABD RAHMAN BIN DAUD,PKR,"11,691"
PL,ARAU,SHAHIDAN BIN KASSIM,BN,"16,547"
PN,KEPALA BATAS,SITI MASTURA BINTI MUHAMMAD,PAS,"12,120"
PN,KEPALA BATAS,ZAIDI BIN ZAKARIA,PKR,"17,723"
PN,KEPALA BATAS,REEZAL MERICAN BIN NAINA MERICAN,BN,"22,459"
PN,TASEK GELUGOR,SHABUDIN BIN YAHAYA,BN,"18,547"
PN,TASEK GELUGOR,RIZAL HAFIZ BIN RUSLAN,PAS,"14,891"
PN,TASEK GELUGOR,MARZUKI BIN YAHYA,PKR,"18,466"
PN,BAGAN,LIM GUAN ENG ,PKR,"51,653"
PN,BAGAN,KOAY XING BOON,MU,181
PN,BAGAN,LEE BENG SENG,BN,"7,751"
PN,BAGAN,HUAN CHENG GUAN,PCM,502
PN,PERMATANG PAUH,MOHD ZAIDI BIN MOHD SAID,BN,"19,866"
PN,PERMATANG PAUH,AFNAN HAMIMI BIN TAIB AZAMUDDEN,PAS,"14,428"
PN,PERMATANG PAUH,NURUL IZZAH BINTI ANWAR,PKR,"35,534"
PN,BUKIT MERTAJAM,SIM CHEE KEONG,PKR,"63,784"
PN,BUKIT MERTAJAM,GUI GUAT LYE,BN,"10,907"
PN,BATU KAWAN,JAYANTHI DEVI A/P BALAGURU,BN,"9,130"
PN,BATU KAWAN,OOI KHAR GIAP,PFP,256
PN,BATU KAWAN,JAY KUMAR A/L BALAKRISHNA,PAS,"2,636"
PN,BATU KAWAN,KASTHURIRAANI A/P PATTO,PKR,"42,683"
PN,NIBONG TEBAL,SHAIK HUSSEIN BIN MYDIN,BN,"19,578"
PN,NIBONG TEBAL,MANSOR BIN OTHMAN,PKR,"35,395"
PN,NIBONG TEBAL,MOHD HELMI BIN HARUN,PAS,"6,875"
PN,NIBONG TEBAL,TAN TEE BENG,BEBAS,331
PN,BUKIT BENDERA,WONG HON WAI,PKR,"50,049"
PN,BUKIT BENDERA,ANDY YONG KIM SENG,BN,"9,318"
PN,BUKIT BENDERA,TAN GIN THEAM,MU,339
PN,TANJONG,CHOW KON YEOW,PKR,"34,663"
PN,TANJONG,NG SIEW LAI,BN,"5,064"
PN,JELUTONG,TAN SIM BEE,MU,437
PN,JELUTONG,SANISVARA NETHAJI RAYER A/L RAJAJI,PKR,"50,700"
PN,JELUTONG,BALJIT SINGH A/L JIGIRI SINGH,BN,"12,529"
PN,BUKIT GELUGOR,LOW JOO HIAP,BN,"9,671"
PN,BUKIT GELUGOR,RAMKARPAL SINGH A/L KARPAL SINGH,PKR,"65,622"
PN,BUKIT GELUGOR,LAI XUE CHING,MU,412
PN,BAYAN BARU,ISZUREE BIN IBRAHIM,PAS,"8,757"
PN,BAYAN BARU,SIM TZE TZIN,PKR,"51,555"
PN,BAYAN BARU,CHUAH SENG GUAN,BN,"13,804"
PN,BAYAN BARU,YIM BOON LEONG,MU,733
PN,BALIK PULAU,MUHAMMAD IMRAN BIN MUHAMMAD SA'AD,PAS,"5,298"
PN,BALIK PULAU,MUHAMMAD BAKHTIAR BIN WAN CHIK,PKR,"25,471"
PN,BALIK PULAU,HILMI BIN YAHAYA,BN,"19,007"
SL,SABAK BERNAM,MOHD FASIAH BIN MOHD FAKEH,BN,"12,862"
SL,SABAK BERNAM,MUHAMMAD LABIB BIN ABD JALIL ,PAS,"9,300"
SL,SABAK BERNAM,WARNO BIN DOGOL ,PKR,"11,188"
SL,SUNGAI BESAR,BUDIMAN BIN MOHD ZOHDI,BN,"16,636"
SL,SUNGAI BESAR,MOHAMED SALLEH BIN M HUSIN,PAS,"7,220"
SL,SUNGAI BESAR,MUSLIMIN BIN YAHAYA,PKR,"17,350"
SL,HULU SELANGOR,KUMAR A/L S.PARAMASIVAM,BEBAS,426
SL,HULU SELANGOR,P.KAMALANATHAN A/L P.PANCHANATHAN,BN,"27,392"
SL,HULU SELANGOR,LEOW HSIAD HUI,PKR,"40,783"
SL,HULU SELANGOR,WAN MAT BIN SULAIMAN,PAS,"16,620"
SL,TANJONG KARANG,NOH BIN OMAR,BN,"17,596"
SL,TANJONG KARANG,NOR AZ AZLAN BIN AHMAD,PAS,"7,276"
SL,TANJONG KARANG,ZULKAFPERI BIN HANAPI,PKR,"15,626"
SL,KUALA SELANGOR,IRMOHIZAM BIN IBRAHIM,BN,"21,344"
SL,KUALA SELANGOR,DZULKEFLY BIN AHMAD,PKR,"29,842"
SL,KUALA SELANGOR,MOHD FAKARUDDIN BIN ISMAIL,PAS,"8,535"
SL,SELAYANG,KANG MENG FUAT,BN,"19,501"
SL,SELAYANG,WILLIAM LEONG JEE KEEN,PKR,"60,158"
SL,SELAYANG,HASHIM BIN ABDUL KARIM,PAS,"18,343"
SL,GOMBAK,MOHAMED AZMIN BIN ALI,PKR,"75,113"
SL,GOMBAK,DATUK ABDUL RAHIM BIN PANDAK KAMARUDIN,BN,"26,392"
SL,GOMBAK,KHAIRIL NIZAM BIN KHIRUDIN,PAS,"17,537"
SL,AMPANG,ZURAIDA BINTI KAMARUDDIN,PKR,"54,307"
SL,AMPANG,LEONG KIM SOON,BN,"12,351"
SL,AMPANG,NURUL ISLAM BIN MOHAMED YUSOFF,PAS,"9,598"
SL,AMPANG,TAN HUA MENG,PRM,294
SL,PANDAN,MOHAMED SUKRI BIN OMAR,PAS,"8,336"
SL,PANDAN,LEONG KOK WEE,BN,"12,190"
SL,PANDAN,WAN AZIZAH BINTI WAN ISMAIL,PKR,"64,733"
SL,PANDAN,LEE YING HA,PRM,442
SL,PANDAN,MOHD KHAIRUL AZAM BIN ABDUL AZIZ,BEBAS,73
SL,HULU LANGAT,AZMAN BIN AHMAD,BN,"23,580"
SL,HULU LANGAT,CHE ROSLI BIN CHE MAT,PAS,"15,663"
SL,HULU LANGAT,HASANUDDIN BIN MOHD YUNUS,PKR,"49,004"
SL,BANGI,LIEW YUEN KEONG,BN,"19,766"
SL,BANGI,MOHD SHAFIE BIN NGAH,PAS,"33,789"
SL,BANGI,WAN JINN WOEI,PRM,215
SL,BANGI,ONG KIAN MING,PKR,"102,557"
SL,PUCHONG,MOHAMAD ROSHARIZAN BIN MOHD ROZLAN,PAS,"10,255"
SL,PUCHONG,ANG CHIN TAT,BN,"12,794"
SL,PUCHONG,GOBIND SINGH DEO,PKR,"60,429"
SL,SUBANG,TAN SEONG LIM,BN,"12,077"
SL,SUBANG,MOHD SHAHIR BIN MOHD ADNAN,PAS,"9,025"
SL,SUBANG,WONG CHEN,PKR,"104,430"
SL,SUBANG,TOH SIN WAH,BEBAS,173
SL,PJ SELATAN,MARIA CHIN BINTI ABDULLAH,PKR,"78,984"
SL,PJ SELATAN,CHEW HIAN TAT,BN,"21,847"
SL,PJ SELATAN,NORAINI BINTI HUSSIN ,PAS,"14,448"
SL,DAMANSARA,HO KWOK XHENG,BN,"14,380"
SL,DAMANSARA,PUA KIAM WEE,PKR,"121,283"
SL,DAMANSARA,'DATO' WONG MUN KHEONG,PRM,617
SL,SUNGAI BULOH,SIVARASA A/L K.RASIAH,PKR,"43,631"
SL,SUNGAI BULOH,NURIDAH BINTI MOHD SALLEH,PAS,"16,997"
SL,SUNGAI BULOH,PAKAS RAO A/L APPLANAIDOO,BN,"16,681"
SL,SUNGAI BULOH,ZAINURRIZZAMAN BIN MOHRAM,PSM,642
SL,SHAH ALAM,AZHARI BIN SHAARI,BN,"22,100"
SL,SHAH ALAM,MOHD ZUHDI BIN MARSUKI,PAS,"15,194"
SL,SHAH ALAM,KHALID BIN ABD SAMAD,PKR,"55,949"
SL,KAPAR,ABDULLAH SANI BIN ABDUL HAMID,PKR,"47,731"
SL,KAPAR,MOHANA A/P MUNIANDY RAMAN,BN,"26,412"
SL,KAPAR,MANIKAVASAGAM A/L SUNDARAM,PRM,525
SL,KAPAR,ABD RANI BIN OSMAN,PAS,"31,425"
SL,KLANG,KHAIRUL SHAH BIN ABDULLAH,PAS,"9,169"
SL,KLANG,CHING EU BOON,BN,"19,506"
SL,KLANG,CHARLES ANTHONY A/L R.SANTIAGO ,PKR,"98,279"
SL,KLANG,PUVANANDERAN A/L GANASAMOORTHY,BEBAS,120
SL,KOTA RAJA,V.GUNALAN A/L VELU,BN,"17,874"
SL,KOTA RAJA,MOHAMED DIAH BIN BAHARUN,PAS,"19,555"
SL,KOTA RAJA,MOHAMAD BIN SABU,PKR,"90,697"
SL,KUALA LANGAT,YAHYA BIN BABA,PAS,"18,731"
SL,KUALA LANGAT,XAVIER JAYAKUMAR A/L ARULANANDAM,PKR,"43,239"
SL,KUALA LANGAT,SHAHRIL SUFIAN BIN HAMDAN,BN,"26,127"
SL,SEPANG,MARSUM BIN PAING,BN,"28,035"
SL,SEPANG,MOHAMED HANIPA BIN MAIDIN,PKR,"46,740"
SL,SEPANG,SABIRIN BIN MARSONO,PAS,"15,882"
TR,BESUT,WAN NAZARI BIN WAN JUSOH,PKR,"6,864"
TR,BESUT,IDRIS BIN JUSOH,BN,"34,335"
TR,BESUT,RIDUAN BIN MOHAMAD NOR,PAS,"29,736"
TR,SETIU,MOHD JIDIN BIN SHAFEE,BN,"32,218"
TR,SETIU,MOHD FAUDZI BIN MUSA,PKR,"4,740"
TR,SETIU,SHAHARIZUKIRNAIN BIN ABD KADIR,PAS,"35,020"
TR,KUALA NERUS,TENGKU ASMADI BIN TENGKU MOHAMAD,BN,"29,527"
TR,KUALA NERUS,MOHD KHAIRUDDIN BIN AMAN RAZALI,PAS,"37,974"
TR,KUALA NERUS,ABDULLAH BIN MOHAMED,PKR,"4,604"
TR,KUALA TERENGGANU,RAJA KAMARUL BAHRIN SHAH ,PKR,"15,380"
TR,KUALA TERENGGANU,WAN NAWAWI BIN HAJI WAN ISMAIL,BN,"28,215"
TR,KUALA TERENGGANU,AHMAD AMZAD BIN MOHAMED @ HASHIM,PAS,"42,988"
TR,MARANG,MOHAMAD NOR BIN ENDOT,BN,"31,795"
TR,MARANG,ABDUL HADI BIN AWANG,PAS,"53,749"
TR,MARANG,ZARAWI BIN SULONG,PKR,"5,138"
TR,HULU TERENGGANU,RAZALI BIN IDRIS,PKR,"3,364"
TR,HULU TERENGGANU,ROSOL BIN WAHID,BN,"30,925"
TR,HULU TERENGGANU,MUHYIDIN BIN ABDUL RASHID,PAS,"28,057"
TR,DUNGUN,WAN HASSAN BIN MOHD RAMLI ,PAS,"40,850"
TR,DUNGUN,DIN BIN ADAM,BN,"27,731"
TR,DUNGUN,ABD RAHMAN BIN YUSOF ,PKR,"6,833"
TR,KEMAMAN,AHD SHABERY BIN CHEEK,BN,"37,715"
TR,KEMAMAN,MOHD. HUZAIFAH BIN MD. SUHAIMI,PKR,"12,911"
TR,KEMAMAN,CHE ALIAS BIN HAMID,PAS,"39,878"
WP,KEPONG,ONG SIANG LIANG,BN,"4,888"
WP,KEPONG,LIM LIP ENG,PKR,"56,516"
WP,BATU,VM PANJAMOTHY A/L MUTHUSAMY,BEBAS,383
WP,BATU,DOMINIC LAU HOE CHAI,BN,"13,687"
WP,BATU,AZHAR BIN YAHYA,PAS,"10,610"
WP,BATU,PRABAKARAN A/L M PARAMESWARAN,BEBAS,"38,125"
WP,WANGSA MAJU,RAZALI BIN TUMIRIN,PAS,"13,490"
WP,WANGSA MAJU,YEW TEONG LOOK,BN,"17,940"
WP,WANGSA MAJU,DR.TAN YEE KEW,PKR,"42,178"
WP,SEGAMBUT,MOHD SOLLEH BIN AB RAZAK,PAS,"4,181"
WP,SEGAMBUT,YEOH TSEOW SUAN,PKR,"53,124"
WP,SEGAMBUT,LOGA BALA MOHAN A/L JAGANATHAN ,BN,"7,422"
WP,SETIAWANGSA,ZULHASNAN BIN RAFIQUE,BN,"20,099"
WP,SETIAWANGSA,NIK NAZMI BIN NIK AHMAD,PKR,"34,471"
WP,SETIAWANGSA,UBAID BIN ABD AKLA,PAS,"6,282"
WP,TITIWANGSA,MOHAMAD NOOR BIN MOHAMAD,PAS,"6,845"
WP,TITIWANGSA,RINA BINTI MOHD HARUN,PKR,"23,840"
WP,TITIWANGSA,DATUK SERI JOHARI BIN ABDUL GHANI,BN,"19,701"
WP,BUKIT BINTANG,FONG KUI LUN,PKR,"44,516"
WP,BUKIT BINTANG,TAN EAN EAN ,BN,"7,256"
WP,BUKIT BINTANG,KHAIRUL HUSNI BIN OTHMAN,PFP,636
WP,LEMBAH PANTAI,RAJA NONG CHIK BIN RAJA ZAINAL ABIDIN,BN,"27,715"
WP,LEMBAH PANTAI,AHMAD FAHMI BIN MOHAMED FADZIL,PKR,"33,313"
WP,LEMBAH PANTAI,FAUZI BIN ABU BAKAR,PAS,"5,277"
WP,SEPUTEH,TERESA KOK SUH SIM,PKR,"63,094"
WP,SEPUTEH,CHAN QUIN ER,BN,"7,035"
WP,CHERAS,TAN KOK WAI,PKR,"56,671"
WP,CHERAS,HENG SINN YEE,BN,"7,006"
WP,BANDAR TUN RAZAK,ROSNI BINTI ADAM,PAS,"7,884"
WP,BANDAR TUN RAZAK,KAMARUDIN BIN JAFFAR,PKR,"41,126"
WP,BANDAR TUN RAZAK,ADNAN BIN SEMAN @ ABDULLAH,BN,"21,196"
WP,PUTRAJAYA,TENGKU ADNAN BIN TENGKU MANSOR,BN,"12,148"
WP,PUTRAJAYA,ZAINAL ABIDIN BIN KIDAM,PAS,"3,634"
WP,PUTRAJAYA,SAMSU ADABI BIN MAMAT,PKR,"8,776"
